{
  "小个子穿搭一整套网红2024夏季新款设计感牛仔薄衬衫短裤两件套女": 1757036099.647279,
  "职业西裤女春秋新款直筒休闲学生垂感上班工作裤显瘦OL黑色西装裤": 1757036099.647279,
  "西装马甲女春秋新款妈妈装休闲坎肩外套中年女士休闲修身薄款马夹": 1757036099.647279,
  "新款长袖薄款竖条纹韩版修身简约时尚中青年学生潮流衬衫": 1757036099.647279,
  "2025新款VEVR香港春秋款长袖上衣骑行自行车透气户外防晒气动时尚": 1757036099.647279,
  "今年春秋款裤子百搭休闲洋气遮肉直筒新款爆款胖m春秋小个子裤子": 1757036099.647279,
  "秋冬季新款垂感喇叭九分裤时尚高腰显瘦百搭蕾丝拼接开叉休闲裤女": 1757036099.647279,
  "2025春秋新款休闲裤女韩版宽松遮肉直筒裤高腰显瘦百搭哈伦长裤子": 1757036099.647279,
  "春秋新款磨毛长袖格子衬衫韩版时尚百搭休闲中青年有口袋宽松版": 1757036099.647279,
  "同学聚会t恤翻领定制短袖20年30年40周年同学会毕业纪念服文化衫": 1757036099.647279,
  "早秋装穿搭小香风黑色西装高级感外套干练气质女装2025年新款时尚": 1757036099.647279,
  "广场舞服装新款套装春夏短袖棉上衣运动健身服阔腿裤演出表演舞蹈": 1757036099.647279,
  "2025春秋新款休闲裤女韩版宽松遮肉直筒裤高腰显瘦百搭哈伦长裤女": 1757036099.647279,
  "新款九分哈伦裤女春秋薄款高腰显瘦休闲女裤小个子长裤老爹萝卜裤": 1757036099.647279,
  "2025秋冬新款环保皮草外套时尚秋冬款大衣狐狸毛领短款洋气": 1757036099.647279,
  "港风设计感新款男女衬衣短袖碎花衬衫夏季宽松复古上衣度假沙滩潮": 1757036099.647279,
  "西装裤高个子加长版薄款垂感阔腿裤简约通勤直筒白色西装裤垂坠感": 1757036099.647279,
  "高级重工刺绣白色亚麻无袖马甲2025夏季新款时尚气质v领背心上衣": 1757036099.647279,
  "胖MM黑色西装宽松气质毛呢外套厚款冬季2025新款韩系赫本呢子大衣": 1757036099.647279,
  "专柜大码新中式夏季新款短袖POLO领上衣高级感显瘦时尚女装潮": 1757036099.647279,
  "夏季翻领polo衫男女高端定制工作服短袖印字logo广告文化衫团体服": 1757036916.7628682,
  "同学聚会定制T恤短袖POLO衫20年30年4050同学会纪念毕业班文化衫": 1757036916.7628682,
  "同学聚会t恤翻领20年30年同学会团体工作服装毕业纪念文化衫": 1757036916.7628682,
  "同学聚会t恤翻领短袖30年40年50纪念文化polo衫工作服印logo": 1757036916.7628682,
  "早秋显瘦小个子裤子女秋冬季百搭时尚高腰加绒宽松哈伦小脚妈妈裤": 1757036916.7628682,
  "淡人穿搭设计蕾丝气质系带蝴蝶结翻领毛衣秋季新款高级针织衫上衣": 1757036916.7628682,
  "同学聚会t恤定制10年20周年30年40毕业Polo衫纯棉纪念文化衫短袖": 1757036916.7628682,
  "现货100%棉百搭衬衫韩版春秋新款女装宽松显瘦长袖防晒衬衣": 1757036916.7628682,
  "美式复古高腰毛边微喇叭牛仔裤女2025年新款秋季修身显瘦马蹄裤子": 1757036916.7628682,
  "同学聚会t恤定制30年 40年50翻领短袖纪念文化polo衫工作服印logo": 1757036916.7628682,
  "工作裤春夏职业上班垂感显瘦西裤女直筒高腰九分裤宽松黑色西装裤": 1757036916.7628682,
  "同学聚会Polo衫纯棉T恤20年30年定制短袖公司团建文化衫印字logo": 1757036916.7628682,
  "黑色西装中长款女马甲2025新款修身显瘦高档马夹背心外套外穿上衣": 1757036916.7628682,
  "港风毛呢复古格子裤春秋新款美式高腰宽松显瘦直筒休闲阔腿运动裤": 1757036916.7628682,
  "少女心爆棚!韩系多巴胺色软糯针织开衫2025新款秋冬女慵懒风外套": 1757036916.7628682,
  "夏季新款短袖连帽卫衣女2024年胖mm加大码宽松带帽薄款半袖上衣潮": 1757036916.7628682,
  "新款长袖夏季薄款竖条纹衬衫中青年韩版修身发型师潮流衬衫": 1757036916.7628682,
  "纯棉工作服polo衫定制印logo夏季薄款团队文化衫工装t恤短袖订制": 1757036916.7628682,
  "辣妹中高腰设计微喇牛仔裤女美式复古显瘦显高弹力修身毛边喇叭裤": 1757036916.7628682,
  "高贵印花连衣裙2025年秋季新款时尚洋气中长裙收腰遮肚显瘦A字裙": 1757036916.7628682,
  "班服定制夏季短袖纯棉印字t恤ins高颜值潮酷简约小众logo": 1757037011.433926,
  "防晒衣女2025新款夏季防紫外线冰丝连帽防晒服短款骑车防晒衫外套": 1757037011.433926,
  "哈伦裤子女秋冬款2025新款高腰显瘦直筒休闲裤百搭宽松小脚长裤": 1757037011.433926,
  "广场舞摩登舞上衣新款女蝴蝶镶钻圆领七分袖衣拉丁舞服吉特巴服": 1757037011.433926,
  "专供跨境美潮纯原Purple Brand站西复古喷墨破洞高街水洗牛仔裤": 1757037011.433926,
  "贺名雅轻奢品牌94%高弹棉罗纹吊带修身春秋装简约百搭无袖长": 1757037011.433926,
  "免烫高级V领衬衫装饰房产公司长短袖教师4S店工装白衬衣绣印LOGO": 1757037011.433926,
  "秋天新中式遮肚长袖洋气体恤时尚外穿上衣修身气质休闲大码POLO衫": 1757037011.433926,
  "小个子复古蓝毛边微喇牛仔裤女秋季新款高腰显瘦设计感喇叭裤子": 1757037011.433926,
  "棒球服定制印logo广告衫外套秋季企业团队员工装休闲开衫夹克薄款": 1757037011.433926,
  "复古显瘦高级感叠穿衬衣今年流行爆款多巴胺粉色V领缎面马甲女春": 1757037011.433926,
  "50年同学聚会t恤定制20年30年印logo翻领班服团建polo衫短袖印字": 1757037011.433926,
  "孕妇裤春秋冬外穿长裤百搭特厚休闲宽松托腹裤网红小脚裤": 1757037011.433926,
  "纯棉polo衫定制工作服印logo字刺绣夏季翻领短袖T恤公司团体衣服": 1757037011.433926,
  "经典春秋新款磨毛格子韩版有口袋大码长袖休闲百搭中青年潮流衬衫": 1757037011.433926,
  "买一送一德绒加绒加厚年秋冬简约百搭保暖高领纯色打底T恤上衣ins": 1757037011.433926,
  "娃娃领雪纺衫女衬衫2025年新款女士小衫时尚网纱小衫洋气女士上衣": 1757037011.433926,
  "同学聚会t恤定制翻领短袖工作服印logo同学30周年40年50纪念服装": 1757037011.433926,
  "春秋季新款纯色T恤女宽松长袖内搭打底衫时尚宽松黑白色上衣潮": 1757037011.433926,
  "高端桑蚕丝Polo衫工作服定制印logo夏季男女凉感T恤企业团建工装": 1757037011.433926,
  "同学聚会t恤定制同学会20周年30年纪念服装翻领短袖工作服印logo": 1757037372.852311,
  "舒适简约风春秋款高级外穿运动百搭时尚显身材外套韩版": 1757037372.852311,
  "新款夏季雪纺纱半身裙白色女中长款高腰大码纯色a字裙修身大裙摆": 1757037372.852311,
  "春秋款高品质再生棉磨毛格子长袖衬衫中青老年大码休闲有口袋衬衣": 1757037372.852311,
  "150小矮个子毛边微喇叭牛仔裤女高腰复古弹力修身直筒马蹄微喇裤": 1757037372.852311,
  "高端速干冰丝POLO衫定制工作服短袖T恤翻领企业团体文化衫印LOGO": 1757037372.852311,
  "黑色直筒牛仔裤女宽松显瘦2023年秋冬新款高腰大码胖MM常规烟管裤": 1757037372.852311,
  "白色碎花斜肩上衣2025秋季轻奢高级感巨好看清爽通勤气质高端衬衫": 1757037372.852311,
  "高端西装两件套女春秋2025新款小个子高级感小西服外套直筒裤套装": 1757037372.852311,
  "小个子定制复古毛边微喇牛仔裤女秋季高腰显瘦遮胯不贴腿喇叭裤": 1757037372.852311,
  "高端妈妈全棉牛仔衬衫女士洋气宽松上衣春夏款中老年女装开衫衬衣": 1757037372.852311,
  "2024秋冬新款中长款开叉减龄设计上衣百搭字母休闲显瘦遮肉卫衣女": 1757037372.852311,
  "美式复古微喇牛仔裤女小个子定制新款毛边设计感显瘦垂感喇叭裤": 1757037372.852311,
  "新款春季涤纶雪纺衫女装2025年印花高档短袖T恤遮肚百搭宽松爆款": 1757037372.852311,
  "小个子毛边微喇牛仔裤女高腰2025秋冬新款修身辣妹百搭喇叭裤子女": 1757037372.852311,
  "半身裙2025春秋冬季新款高腰显瘦中长款美拉德休闲a字七分冬裙": 1757037372.852311,
  "韩版连帽气质秋冬慵懒长款针织毛衣开衫超大狐狸毛领羊毛皮草外套": 1757037372.852311,
  "女士秋季长袖连帽t恤宽松遮肚子上衣时尚减龄时尚打底薄款小衫": 1757037372.852311,
  "小个子定制微喇早秋高腰宽松阔腿裤设计感显瘦马蹄裤喇叭裤": 1757037372.852311,
  "SShade黑胶帽檐小蛮腰原纱锦纶防晒衣女夏轻薄外套显瘦速干防晒服": 1757038669.349098,
  "班服定制短袖纯棉夏季t恤ins高颜值潮酷印logo学院风简约小众": 1757038669.349098,
  "2025春秋新款马甲修身显廋马夹西服领中长款坎肩外套女女马甲新款": 1757038669.349098,
  "秋款长袖竖条纹印花衬衫薄款有口袋韩版修身中青年学生潮流衬衣": 1757038669.349098,
  "松紧弹力牛仔裤高腰2025秋季新品休闲筒裤新款大码宽松显瘦直筒裤": 1757038669.349098,
  "小个子定制复古毛边微喇牛仔裤女秋季新款高腰显瘦不贴腿喇叭裤": 1757038669.349098,
  "女士v领打底衫2025春秋新款时尚百搭修身显收套头假两件女上衣": 1757038669.349098,
  "法式纯欲小众连衣裙子夏季女收腰又甜又辣裙子修身掐腰外穿短裙": 1757038669.349098,
  "春秋款长袖有口袋印花条纹青中老年韩版时尚百搭发型师潮流衬衫": 1757038669.349098,
  "2021新款夏季条纹短袖真口袋薄款韩版修身发型师学生时尚潮流衬衫": 1757038669.349098,
  "2024美式新款复古情侣格子衬衫休闲男女长袖宽松潮牌衬衣外套": 1757038669.349098,
  "2025年新款圆领韩版宽松毛衣女纯树脂固色七分袖超柔小众外穿遮肉": 1757038669.349098,
  "品质保证春秋款条纹印花韩版休闲免烫薄款长袖青中老年衬衫": 1757038669.349098,
  "法式白色长袖缎面衬衫女2025秋季新款高端职业穿搭独特别致上衣": 1757038669.349098,
  "女士v领打底衫2025春秋新修身显瘦气质减龄百搭套头长袖上衣拼接": 1757038669.349098,
  "2025阔腿新款夏季高腰牛仔裤直筒显瘦宽松八分小个子七分分裤子": 1757038669.349098,
  "爱国t恤定制国庆节我爱中国梦红色短袖男女团体定制文化衫合唱团": 1757038890.2478745,
  "秋冬卫衣新款爱心定制十字架印花长袖男女圆领潮流聚会印字上衣": 1757038890.2478745,
  "夏季新款雪纺半身裙松紧腰大摆裙长款宽松a字碎花妈妈跳舞长裙": 1757038890.2478745,
  "真口袋夏季短袖薄款印花中青年修身版时尚网红条纹衬衫衬衫": 1757038890.2478745,
  "韩版宽松格子衬衫秋季长袖气质衬衣上衣防晒学生中长款港风外套女": 1757038890.2478745,
  "浅色烟管直筒裤九分牛仔裤浅蓝春秋款高腰宽松显高显瘦气质小个子": 1757038890.2478745,
  "2024春秋薄款圆领中袖针织衫女中年妈妈上衣宽松直筒时尚打底衫女": 1757038890.2478745,
  "冰丝防晒衣女两件装夏季长袖T恤衫宽松薄款甜辣妹短款上衣空调罩": 1757038890.2478745,
  "(真口袋)新款夏季薄款印花条纹免烫抗皱短袖中青年时尚百搭衬衫": 1757038890.2478745,
  "港风复古黄色格子衬衫男女潮流秋款情侣多巴胺风宽松上衣慵懒风外": 1757038890.2478745,
  "2025年新款妈妈韩版纯色毛衣树脂固色7分袖宽松上衣短款简约外搭": 1757038890.2478745,
  "小香风系带蝴蝶结抹胸小背心女夏季黑色显瘦一字肩修身上衣": 1757038890.2478745,
  "(真口袋)夏季薄款短袖印花条纹免烫抗皱易打理时尚百搭潮流衬衫": 1757038890.2478745,
  "窄版浅色通勤直筒水洗牛仔裤女显高春季新款高腰显瘦宽松烟管裤子": 1757038890.2478745,
  "复古水墨印花吊带连衣裙女夏季高级感气质收腰显瘦大摆裙A字长裙": 1757038890.2478745,
  "定制同学聚会短袖纯棉T恤学生班服工作服装20年30年同学会文化衫": 1757038890.2478745,
  "秋装新款中长裙大码女装弹力冬季半身裙a字裙百褶裙冬裙裙子女冬": 1757038890.2478745,
  "韩版新款七分袖连帽卫衣女夏季中袖宽松大码显瘦百搭上衣春秋薄款": 1757039135.1597724,
  "小个子定制2025秋季新款美式复古牛仔小个子女宽松显瘦微喇裤": 1757039135.1597724,
  "大码夏装露肩短袖t恤女士2025新款修身半袖胖mm上衣服体恤打底衫": 1757039135.1597724,
  "设计港风复古毛边水洗2024口袋新款牛仔外套宽松显瘦上衣夹克": 1757039135.1597724,
  "宝蓝色西装马甲女春秋2025新款时尚气质工装背心外套职业装套装春": 1757039135.1597724,
  "爆款衬衣时尚遮肚肚子七分上衣2025夏装衬衫设计洋气收腰小衫": 1757039135.1597724,
  "纯欲绝美蕾丝设计感短袖亮晶晶扭结斜肩T恤夏女性感辣妹百搭上衣": 1757039135.1597724,
  "设计感舒适简约风春秋款高级外穿运动百搭时尚外套韩版": 1757039135.1597724,
  "新款牛仔裤女小脚长裤2025年秋冬季高腰显瘦紧身弹力外穿铅笔裤": 1757039135.1597724,
  "2025年新款春秋季高腰牛仔裤女小脚裤弹力修身外穿铅笔牛仔裤长裤": 1757039135.1597724,
  "紧身爆款气质设计感简约百搭风运动上衣春秋款": 1757039135.1597724,
  "加绒水泥灰松紧腰女牛仔裤窄版2025新款松紧高腰宽松显瘦直筒长裤": 1757039135.1597724,
  "2025春秋季新款圆领纯棉印花长袖T恤女宽松百搭内搭": 1757039135.1597724,
  "木耳边单排扣纯色衬衫女欧货夏季新款宽松休闲洋气减龄上衣(现货)": 1757039135.1597724,
  "半身裙牛仔夏季新款2024新款高腰显瘦百搭休闲中长款一步牛仔裙女": 1757039135.1597724,
  "春秋薄款外套女学生韩版2025新款百搭飞行棒球服国潮宽松立领夹克": 1757039135.1597724,
  "加绒/不加绒 开叉蕾丝边微喇裤女秋冬黑色高腰百搭显瘦阔腿九分裤": 1757039135.1597724,
  "黑色修身外套瑜伽显瘦上衣2025新款运动套装健身喇叭裤运动两件套": 1757039135.1597724,
  "马甲中长款春秋长款2025西装新款韩版修身显瘦无袖背心外套": 1757039135.1597724,
  "2025春秋新款高腰阔腿直筒牛仔裤子女韩版显瘦宽松垂感裤女": 1757039287.3869712,
  "纯棉正肩短袖t恤女夏季2024新款设计感小众修身显瘦撞色短款上衣": 1757039287.3869712,
  "ins秋冬纯色内搭白色长袖T恤女宽松显瘦圆领韩版新款打底衫上衣女": 1757039287.3869712,
  "梨形身材穿搭大码女装2023年牛仔外套短裤宽松显瘦两件套时尚套装": 1757039287.3869712,
  "骆驼户外速干POLO衫女打底衫长袖V字弹力抗皱凉感透气吸湿防晒T恤": 1757039287.3869712,
  "2025春夏款新中式旗袍蓝色印花倒短袖改良旗袍复古竹叶国风连衣裙": 1757039287.3869712,
  "短袖雪纺衬衫女薄款夏季2025新款小个子宽松百搭显瘦遮肉垂感上衣": 1757039287.3869712,
  "高腰中长款2025显瘦百褶半身裙2025新款春夏气质百褶裙a字洋气": 1757039287.3869712,